[{"__symbolic":"module","version":3,"metadata":{"i18nHtmlParserFactory":{"__symbolic":"function","parameters":["parser","translations","format","config","console"],"value":{"__symbolic":"error","message":"Expression form not supported","line":44,"character":36}},"COMPILER_PROVIDERS":[{"provide":{"__symbolic":"reference","module":"@angular/core","name":"ɵReflector"},"useValue":{"__symbolic":"reference","module":"@angular/core","name":"ɵreflector"}},{"provide":{"__symbolic":"reference","module":"@angular/core","name":"ɵReflectorReader"},"useExisting":{"__symbolic":"reference","module":"@angular/core","name":"ɵReflector"}},{"provide":{"__symbolic":"reference","module":"../resource_loader","name":"ResourceLoader"},"useValue":{}},{"__symbolic":"reference","module":"../summary_resolver","name":"SummaryResolver"},{"__symbolic":"reference","module":"@angular/core","name":"ɵConsole"},{"__symbolic":"reference","module":"../expression_parser/lexer","name":"Lexer"},{"__symbolic":"reference","module":"../expression_parser/parser","name":"Parser"},{"provide":{"__symbolic":"new","expression":{"__symbolic":"reference","module":"@angular/core","name":"InjectionToken"},"arguments":["HtmlParser"]},"useClass":{"__symbolic":"reference","module":"../ml_parser/html_parser","name":"HtmlParser"}},{"provide":{"__symbolic":"reference","module":"../i18n/index","name":"I18NHtmlParser"},"useFactory":{"__symbolic":"reference","name":"i18nHtmlParserFactory"},"deps":[{"__symbolic":"new","expression":{"__symbolic":"reference","module":"@angular/core","name":"InjectionToken"},"arguments":["HtmlParser"]},[{"__symbolic":"new","expression":{"__symbolic":"reference","module":"@angular/core","name":"Optional"}},{"__symbolic":"new","expression":{"__symbolic":"reference","module":"@angular/core","name":"Inject"},"arguments":[{"__symbolic":"reference","module":"@angular/core","name":"TRANSLATIONS"}]}],[{"__symbolic":"new","expression":{"__symbolic":"reference","module":"@angular/core","name":"Optional"}},{"__symbolic":"new","expression":{"__symbolic":"reference","module":"@angular/core","name":"Inject"},"arguments":[{"__symbolic":"reference","module":"@angular/core","name":"TRANSLATIONS_FORMAT"}]}],[{"__symbolic":"reference","module":"../config","name":"CompilerConfig"}],[{"__symbolic":"reference","module":"@angular/core","name":"ɵConsole"}]]},{"provide":{"__symbolic":"reference","module":"../ml_parser/html_parser","name":"HtmlParser"},"useExisting":{"__symbolic":"reference","module":"../i18n/index","name":"I18NHtmlParser"}},{"__symbolic":"reference","module":"../template_parser/template_parser","name":"TemplateParser"},{"__symbolic":"reference","module":"../directive_normalizer","name":"DirectiveNormalizer"},{"__symbolic":"reference","module":"../metadata_resolver","name":"CompileMetadataResolver"},{"__symbolic":"reference","module":"../url_resolver","name":"DEFAULT_PACKAGE_URL_PROVIDER"},{"__symbolic":"reference","module":"../style_compiler","name":"StyleCompiler"},{"__symbolic":"reference","module":"../view_compiler/view_compiler","name":"ViewCompiler"},{"__symbolic":"reference","module":"../ng_module_compiler","name":"NgModuleCompiler"},{"provide":{"__symbolic":"reference","module":"../config","name":"CompilerConfig"},"useValue":{"__symbolic":"new","expression":{"__symbolic":"reference","module":"../config","name":"CompilerConfig"}}},{"__symbolic":"reference","module":"./compiler","name":"JitCompiler"},{"provide":{"__symbolic":"reference","module":"@angular/core","name":"Compiler"},"useExisting":{"__symbolic":"reference","module":"./compiler","name":"JitCompiler"}},{"__symbolic":"reference","module":"../schema/dom_element_schema_registry","name":"DomElementSchemaRegistry"},{"provide":{"__symbolic":"reference","module":"../schema/element_schema_registry","name":"ElementSchemaRegistry"},"useExisting":{"__symbolic":"reference","module":"../schema/dom_element_schema_registry","name":"DomElementSchemaRegistry"}},{"__symbolic":"reference","module":"../url_resolver","name":"UrlResolver"},{"__symbolic":"reference","module":"../directive_resolver","name":"DirectiveResolver"},{"__symbolic":"reference","module":"../pipe_resolver","name":"PipeResolver"},{"__symbolic":"reference","module":"../ng_module_resolver","name":"NgModuleResolver"}],"JitCompilerFactory":{"__symbolic":"class","decorators":[{"__symbolic":"call","expression":{"__symbolic":"reference","module":"../injectable","name":"CompilerInjectable"}}],"members":{"__ctor__":[{"__symbolic":"constructor","parameterDecorators":[[{"__symbolic":"call","expression":{"__symbolic":"reference","module":"@angular/core","name":"Inject"},"arguments":[{"__symbolic":"reference","module":"@angular/core","name":"COMPILER_OPTIONS"}]}]],"parameters":[{"__symbolic":"reference","name":"Array","arguments":[{"__symbolic":"reference","module":"@angular/core","name":"CompilerOptions"}]}]}],"createCompiler":[{"__symbolic":"method"}]}},"platformCoreDynamic":{"__symbolic":"error","message":"Reference to a non-exported function","line":135,"character":9,"context":{"name":"_initReflector"}}}},{"__symbolic":"module","version":1,"metadata":{"i18nHtmlParserFactory":{"__symbolic":"function","parameters":["parser","translations","format","config","console"],"value":{"__symbolic":"error","message":"Expression form not supported","line":44,"character":36}},"COMPILER_PROVIDERS":[{"provide":{"__symbolic":"reference","module":"@angular/core","name":"ɵReflector"},"useValue":{"__symbolic":"reference","module":"@angular/core","name":"ɵreflector"}},{"provide":{"__symbolic":"reference","module":"@angular/core","name":"ɵReflectorReader"},"useExisting":{"__symbolic":"reference","module":"@angular/core","name":"ɵReflector"}},{"provide":{"__symbolic":"reference","module":"../resource_loader","name":"ResourceLoader"},"useValue":{}},{"__symbolic":"reference","module":"../summary_resolver","name":"SummaryResolver"},{"__symbolic":"reference","module":"@angular/core","name":"ɵConsole"},{"__symbolic":"reference","module":"../expression_parser/lexer","name":"Lexer"},{"__symbolic":"reference","module":"../expression_parser/parser","name":"Parser"},{"provide":{"__symbolic":"new","expression":{"__symbolic":"reference","module":"@angular/core","name":"InjectionToken"},"arguments":["HtmlParser"]},"useClass":{"__symbolic":"reference","module":"../ml_parser/html_parser","name":"HtmlParser"}},{"provide":{"__symbolic":"reference","module":"../i18n/index","name":"I18NHtmlParser"},"useFactory":{"__symbolic":"reference","name":"i18nHtmlParserFactory"},"deps":[{"__symbolic":"new","expression":{"__symbolic":"reference","module":"@angular/core","name":"InjectionToken"},"arguments":["HtmlParser"]},[{"__symbolic":"new","expression":{"__symbolic":"reference","module":"@angular/core","name":"Optional"}},{"__symbolic":"new","expression":{"__symbolic":"reference","module":"@angular/core","name":"Inject"},"arguments":[{"__symbolic":"reference","module":"@angular/core","name":"TRANSLATIONS"}]}],[{"__symbolic":"new","expression":{"__symbolic":"reference","module":"@angular/core","name":"Optional"}},{"__symbolic":"new","expression":{"__symbolic":"reference","module":"@angular/core","name":"Inject"},"arguments":[{"__symbolic":"reference","module":"@angular/core","name":"TRANSLATIONS_FORMAT"}]}],[{"__symbolic":"reference","module":"../config","name":"CompilerConfig"}],[{"__symbolic":"reference","module":"@angular/core","name":"ɵConsole"}]]},{"provide":{"__symbolic":"reference","module":"../ml_parser/html_parser","name":"HtmlParser"},"useExisting":{"__symbolic":"reference","module":"../i18n/index","name":"I18NHtmlParser"}},{"__symbolic":"reference","module":"../template_parser/template_parser","name":"TemplateParser"},{"__symbolic":"reference","module":"../directive_normalizer","name":"DirectiveNormalizer"},{"__symbolic":"reference","module":"../metadata_resolver","name":"CompileMetadataResolver"},{"__symbolic":"reference","module":"../url_resolver","name":"DEFAULT_PACKAGE_URL_PROVIDER"},{"__symbolic":"reference","module":"../style_compiler","name":"StyleCompiler"},{"__symbolic":"reference","module":"../view_compiler/view_compiler","name":"ViewCompiler"},{"__symbolic":"reference","module":"../ng_module_compiler","name":"NgModuleCompiler"},{"provide":{"__symbolic":"reference","module":"../config","name":"CompilerConfig"},"useValue":{"__symbolic":"new","expression":{"__symbolic":"reference","module":"../config","name":"CompilerConfig"}}},{"__symbolic":"reference","module":"./compiler","name":"JitCompiler"},{"provide":{"__symbolic":"reference","module":"@angular/core","name":"Compiler"},"useExisting":{"__symbolic":"reference","module":"./compiler","name":"JitCompiler"}},{"__symbolic":"reference","module":"../schema/dom_element_schema_registry","name":"DomElementSchemaRegistry"},{"provide":{"__symbolic":"reference","module":"../schema/element_schema_registry","name":"ElementSchemaRegistry"},"useExisting":{"__symbolic":"reference","module":"../schema/dom_element_schema_registry","name":"DomElementSchemaRegistry"}},{"__symbolic":"reference","module":"../url_resolver","name":"UrlResolver"},{"__symbolic":"reference","module":"../directive_resolver","name":"DirectiveResolver"},{"__symbolic":"reference","module":"../pipe_resolver","name":"PipeResolver"},{"__symbolic":"reference","module":"../ng_module_resolver","name":"NgModuleResolver"}],"JitCompilerFactory":{"__symbolic":"class","decorators":[{"__symbolic":"call","expression":{"__symbolic":"reference","module":"../injectable","name":"CompilerInjectable"}}],"members":{"__ctor__":[{"__symbolic":"constructor","parameterDecorators":[[{"__symbolic":"call","expression":{"__symbolic":"reference","module":"@angular/core","name":"Inject"},"arguments":[{"__symbolic":"reference","module":"@angular/core","name":"COMPILER_OPTIONS"}]}]],"parameters":[{"__symbolic":"reference","name":"Array","arguments":[{"__symbolic":"reference","module":"@angular/core","name":"CompilerOptions"}]}]}],"createCompiler":[{"__symbolic":"method"}]}},"platformCoreDynamic":{"__symbolic":"error","message":"Reference to a non-exported function","line":135,"character":9,"context":{"name":"_initReflector"}}}}]