[{"__symbolic":"module","version":3,"metadata":{"CompileAnimationEntryMetadata":{"__symbolic":"class","members":{"__ctor__":[{"__symbolic":"constructor","parameters":[{"__symbolic":"error","message":"Expression form not supported","line":24,"character":19},{"__symbolic":"error","message":"Expression form not supported","line":25,"character":26}]}]}},"CompileAnimationStateMetadata":{"__symbolic":"class"},"CompileAnimationStateDeclarationMetadata":{"__symbolic":"class","extends":{"__symbolic":"reference","name":"CompileAnimationStateMetadata"},"members":{"__ctor__":[{"__symbolic":"constructor","parameters":[{"__symbolic":"reference","name":"string"},{"__symbolic":"reference","name":"CompileAnimationStyleMetadata"}]}]}},"CompileAnimationStateTransitionMetadata":{"__symbolic":"class","extends":{"__symbolic":"reference","name":"CompileAnimationStateMetadata"},"members":{"__ctor__":[{"__symbolic":"constructor","parameters":[{"__symbolic":"error","message":"Expression form not supported","line":38,"character":30},{"__symbolic":"reference","name":"CompileAnimationMetadata"}]}]}},"CompileAnimationMetadata":{"__symbolic":"class"},"CompileAnimationKeyframesSequenceMetadata":{"__symbolic":"class","extends":{"__symbolic":"reference","name":"CompileAnimationMetadata"},"members":{"__ctor__":[{"__symbolic":"constructor","parameters":[{"__symbolic":"reference","name":"Array","arguments":[{"__symbolic":"reference","name":"CompileAnimationStyleMetadata"}]}]}]}},"CompileAnimationStyleMetadata":{"__symbolic":"class","extends":{"__symbolic":"reference","name":"CompileAnimationMetadata"},"members":{"__ctor__":[{"__symbolic":"constructor","parameters":[{"__symbolic":"reference","name":"number"},{"__symbolic":"error","message":"Expression form not supported","line":53,"character":21}]}]}},"CompileAnimationAnimateMetadata":{"__symbolic":"class","extends":{"__symbolic":"reference","name":"CompileAnimationMetadata"},"members":{"__ctor__":[{"__symbolic":"constructor","parameters":[{"__symbolic":"error","message":"Expression form not supported","line":60,"character":22},{"__symbolic":"error","message":"Expression form not supported","line":60,"character":56}]}]}},"CompileAnimationWithStepsMetadata":{"__symbolic":"class","extends":{"__symbolic":"reference","name":"CompileAnimationMetadata"},"members":{"__ctor__":[{"__symbolic":"constructor","parameters":[{"__symbolic":"error","message":"Expression form not supported","line":67,"character":28}]}]}},"CompileAnimationSequenceMetadata":{"__symbolic":"class","extends":{"__symbolic":"reference","name":"CompileAnimationWithStepsMetadata"},"members":{"__ctor__":[{"__symbolic":"constructor","parameters":[{"__symbolic":"error","message":"Expression form not supported","line":71,"character":21}]}]}},"CompileAnimationGroupMetadata":{"__symbolic":"class","extends":{"__symbolic":"reference","name":"CompileAnimationWithStepsMetadata"},"members":{"__ctor__":[{"__symbolic":"constructor","parameters":[{"__symbolic":"error","message":"Expression form not supported","line":75,"character":21}]}]}},"identifierName":{"__symbolic":"function"},"identifierModuleUrl":{"__symbolic":"function"},"viewClassName":{"__symbolic":"function","parameters":["compType","embeddedTemplateIndex"],"value":{"__symbolic":"error","message":"Expression form not supported","line":117,"character":9}},"rendererTypeName":{"__symbolic":"function","parameters":["compType"],"value":{"__symbolic":"error","message":"Expression form not supported","line":121,"character":9}},"hostViewClassName":{"__symbolic":"function","parameters":["compType"],"value":{"__symbolic":"error","message":"Expression form not supported","line":125,"character":9}},"dirWrapperClassName":{"__symbolic":"function","parameters":["dirType"],"value":{"__symbolic":"error","message":"Expression form not supported","line":129,"character":9}},"componentFactoryName":{"__symbolic":"function","parameters":["compType"],"value":{"__symbolic":"error","message":"Expression form not supported","line":133,"character":9}},"ProxyClass":{"__symbolic":"interface"},"CompileIdentifierMetadata":{"__symbolic":"interface"},"CompileSummaryKind":{"Pipe":0,"Directive":1,"NgModule":2,"Injectable":3},"CompileTypeSummary":{"__symbolic":"interface"},"CompileDiDependencyMetadata":{"__symbolic":"interface"},"CompileProviderMetadata":{"__symbolic":"interface"},"CompileFactoryMetadata":{"__symbolic":"interface"},"tokenName":{"__symbolic":"function","parameters":["token"],"value":{"__symbolic":"if","condition":{"__symbolic":"binop","operator":"!=","left":{"__symbolic":"select","expression":{"__symbolic":"reference","name":"token"},"member":"value"},"right":null},"thenExpression":{"__symbolic":"error","message":"Reference to a non-exported function","line":79,"character":9,"context":{"name":"_sanitizeIdentifier"}},"elseExpression":{"__symbolic":"call","expression":{"__symbolic":"reference","name":"identifierName"},"arguments":[{"__symbolic":"select","expression":{"__symbolic":"reference","name":"token"},"member":"identifier"}]}}},"tokenReference":{"__symbolic":"function"},"CompileTokenMetadata":{"__symbolic":"interface"},"CompileTypeMetadata":{"__symbolic":"interface"},"CompileQueryMetadata":{"__symbolic":"interface"},"CompileStylesheetMetadata":{"__symbolic":"class","members":{"__ctor__":[{"__symbolic":"constructor","parameters":[{"__symbolic":"error","message":"Expression form not supported","line":226,"character":19}]}]}},"CompileTemplateSummary":{"__symbolic":"interface"},"CompileTemplateMetadata":{"__symbolic":"class","members":{"__ctor__":[{"__symbolic":"constructor","parameters":[{"__symbolic":"error","message":"Expression form not supported","line":257,"character":73}]}],"toSummary":[{"__symbolic":"method"}]}},"CompileEntryComponentMetadata":{"__symbolic":"interface"},"CompileDirectiveSummary":{"__symbolic":"interface"},"CompileDirectiveMetadata":{"__symbolic":"class","members":{"__ctor__":[{"__symbolic":"constructor","parameters":[{"__symbolic":"error","message":"Expression form not supported","line":429,"character":96}]}],"toSummary":[{"__symbolic":"method"}]}},"createHostComponentMeta":{"__symbolic":"function"},"CompilePipeSummary":{"__symbolic":"interface"},"CompilePipeMetadata":{"__symbolic":"class","members":{"__ctor__":[{"__symbolic":"constructor","parameters":[{"__symbolic":"error","message":"Expression form not supported","line":551,"character":34}]}],"toSummary":[{"__symbolic":"method"}]}},"CompileNgModuleSummary":{"__symbolic":"interface"},"CompileNgModuleMetadata":{"__symbolic":"class","members":{"__ctor__":[{"__symbolic":"constructor","parameters":[{"__symbolic":"error","message":"Expression form not supported","line":612,"character":64}]}],"toSummary":[{"__symbolic":"method"}]}},"TransitiveCompileNgModuleMetadata":{"__symbolic":"class","members":{"addProvider":[{"__symbolic":"method"}],"addDirective":[{"__symbolic":"method"}],"addExportedDirective":[{"__symbolic":"method"}],"addPipe":[{"__symbolic":"method"}],"addExportedPipe":[{"__symbolic":"method"}],"addModule":[{"__symbolic":"method"}],"addEntryComponent":[{"__symbolic":"method"}]}},"ProviderMeta":{"__symbolic":"class","members":{"__ctor__":[{"__symbolic":"constructor","parameters":[{"__symbolic":"reference","name":"any"},{"__symbolic":"error","message":"Expression form not supported","line":727,"character":86}]}]}},"flatten":{"__symbolic":"function","parameters":["list"],"value":{"__symbolic":"error","message":"Function call not supported","line":746,"character":21}},"sourceUrl":{"__symbolic":"function","parameters":["url"],"value":{"__symbolic":"error","message":"Expression form not supported","line":755,"character":21}},"templateSourceUrl":{"__symbolic":"function"},"sharedStylesheetJitUrl":{"__symbolic":"function"},"ngModuleJitUrl":{"__symbolic":"function","parameters":["moduleMeta"],"value":{"__symbolic":"error","message":"Expression form not supported","line":785,"character":19}},"templateJitUrl":{"__symbolic":"function","parameters":["ngModuleType","compMeta"],"value":{"__symbolic":"error","message":"Expression form not supported","line":790,"character":19}}}},{"__symbolic":"module","version":1,"metadata":{"CompileAnimationEntryMetadata":{"__symbolic":"class","members":{"__ctor__":[{"__symbolic":"constructor","parameters":[{"__symbolic":"error","message":"Expression form not supported","line":24,"character":19},{"__symbolic":"error","message":"Expression form not supported","line":25,"character":26}]}]}},"CompileAnimationStateMetadata":{"__symbolic":"class"},"CompileAnimationStateDeclarationMetadata":{"__symbolic":"class","extends":{"__symbolic":"reference","name":"CompileAnimationStateMetadata"},"members":{"__ctor__":[{"__symbolic":"constructor","parameters":[{"__symbolic":"reference","name":"string"},{"__symbolic":"reference","name":"CompileAnimationStyleMetadata"}]}]}},"CompileAnimationStateTransitionMetadata":{"__symbolic":"class","extends":{"__symbolic":"reference","name":"CompileAnimationStateMetadata"},"members":{"__ctor__":[{"__symbolic":"constructor","parameters":[{"__symbolic":"error","message":"Expression form not supported","line":38,"character":30},{"__symbolic":"reference","name":"CompileAnimationMetadata"}]}]}},"CompileAnimationMetadata":{"__symbolic":"class"},"CompileAnimationKeyframesSequenceMetadata":{"__symbolic":"class","extends":{"__symbolic":"reference","name":"CompileAnimationMetadata"},"members":{"__ctor__":[{"__symbolic":"constructor","parameters":[{"__symbolic":"reference","name":"Array","arguments":[{"__symbolic":"reference","name":"CompileAnimationStyleMetadata"}]}]}]}},"CompileAnimationStyleMetadata":{"__symbolic":"class","extends":{"__symbolic":"reference","name":"CompileAnimationMetadata"},"members":{"__ctor__":[{"__symbolic":"constructor","parameters":[{"__symbolic":"reference","name":"number"},{"__symbolic":"error","message":"Expression form not supported","line":53,"character":21}]}]}},"CompileAnimationAnimateMetadata":{"__symbolic":"class","extends":{"__symbolic":"reference","name":"CompileAnimationMetadata"},"members":{"__ctor__":[{"__symbolic":"constructor","parameters":[{"__symbolic":"error","message":"Expression form not supported","line":60,"character":22},{"__symbolic":"error","message":"Expression form not supported","line":60,"character":56}]}]}},"CompileAnimationWithStepsMetadata":{"__symbolic":"class","extends":{"__symbolic":"reference","name":"CompileAnimationMetadata"},"members":{"__ctor__":[{"__symbolic":"constructor","parameters":[{"__symbolic":"error","message":"Expression form not supported","line":67,"character":28}]}]}},"CompileAnimationSequenceMetadata":{"__symbolic":"class","extends":{"__symbolic":"reference","name":"CompileAnimationWithStepsMetadata"},"members":{"__ctor__":[{"__symbolic":"constructor","parameters":[{"__symbolic":"error","message":"Expression form not supported","line":71,"character":21}]}]}},"CompileAnimationGroupMetadata":{"__symbolic":"class","extends":{"__symbolic":"reference","name":"CompileAnimationWithStepsMetadata"},"members":{"__ctor__":[{"__symbolic":"constructor","parameters":[{"__symbolic":"error","message":"Expression form not supported","line":75,"character":21}]}]}},"identifierName":{"__symbolic":"function"},"identifierModuleUrl":{"__symbolic":"function"},"viewClassName":{"__symbolic":"function","parameters":["compType","embeddedTemplateIndex"],"value":{"__symbolic":"error","message":"Expression form not supported","line":117,"character":9}},"rendererTypeName":{"__symbolic":"function","parameters":["compType"],"value":{"__symbolic":"error","message":"Expression form not supported","line":121,"character":9}},"hostViewClassName":{"__symbolic":"function","parameters":["compType"],"value":{"__symbolic":"error","message":"Expression form not supported","line":125,"character":9}},"dirWrapperClassName":{"__symbolic":"function","parameters":["dirType"],"value":{"__symbolic":"error","message":"Expression form not supported","line":129,"character":9}},"componentFactoryName":{"__symbolic":"function","parameters":["compType"],"value":{"__symbolic":"error","message":"Expression form not supported","line":133,"character":9}},"ProxyClass":{"__symbolic":"interface"},"CompileIdentifierMetadata":{"__symbolic":"interface"},"CompileSummaryKind":{"Pipe":0,"Directive":1,"NgModule":2,"Injectable":3},"CompileTypeSummary":{"__symbolic":"interface"},"CompileDiDependencyMetadata":{"__symbolic":"interface"},"CompileProviderMetadata":{"__symbolic":"interface"},"CompileFactoryMetadata":{"__symbolic":"interface"},"tokenName":{"__symbolic":"function","parameters":["token"],"value":{"__symbolic":"if","condition":{"__symbolic":"binop","operator":"!=","left":{"__symbolic":"select","expression":{"__symbolic":"reference","name":"token"},"member":"value"},"right":null},"thenExpression":{"__symbolic":"error","message":"Reference to a non-exported function","line":79,"character":9,"context":{"name":"_sanitizeIdentifier"}},"elseExpression":{"__symbolic":"call","expression":{"__symbolic":"reference","name":"identifierName"},"arguments":[{"__symbolic":"select","expression":{"__symbolic":"reference","name":"token"},"member":"identifier"}]}}},"tokenReference":{"__symbolic":"function"},"CompileTokenMetadata":{"__symbolic":"interface"},"CompileTypeMetadata":{"__symbolic":"interface"},"CompileQueryMetadata":{"__symbolic":"interface"},"CompileStylesheetMetadata":{"__symbolic":"class","members":{"__ctor__":[{"__symbolic":"constructor","parameters":[{"__symbolic":"error","message":"Expression form not supported","line":226,"character":19}]}]}},"CompileTemplateSummary":{"__symbolic":"interface"},"CompileTemplateMetadata":{"__symbolic":"class","members":{"__ctor__":[{"__symbolic":"constructor","parameters":[{"__symbolic":"error","message":"Expression form not supported","line":257,"character":73}]}],"toSummary":[{"__symbolic":"method"}]}},"CompileEntryComponentMetadata":{"__symbolic":"interface"},"CompileDirectiveSummary":{"__symbolic":"interface"},"CompileDirectiveMetadata":{"__symbolic":"class","members":{"__ctor__":[{"__symbolic":"constructor","parameters":[{"__symbolic":"error","message":"Expression form not supported","line":429,"character":96}]}],"toSummary":[{"__symbolic":"method"}]}},"createHostComponentMeta":{"__symbolic":"function"},"CompilePipeSummary":{"__symbolic":"interface"},"CompilePipeMetadata":{"__symbolic":"class","members":{"__ctor__":[{"__symbolic":"constructor","parameters":[{"__symbolic":"error","message":"Expression form not supported","line":551,"character":34}]}],"toSummary":[{"__symbolic":"method"}]}},"CompileNgModuleSummary":{"__symbolic":"interface"},"CompileNgModuleMetadata":{"__symbolic":"class","members":{"__ctor__":[{"__symbolic":"constructor","parameters":[{"__symbolic":"error","message":"Expression form not supported","line":612,"character":64}]}],"toSummary":[{"__symbolic":"method"}]}},"TransitiveCompileNgModuleMetadata":{"__symbolic":"class","members":{"addProvider":[{"__symbolic":"method"}],"addDirective":[{"__symbolic":"method"}],"addExportedDirective":[{"__symbolic":"method"}],"addPipe":[{"__symbolic":"method"}],"addExportedPipe":[{"__symbolic":"method"}],"addModule":[{"__symbolic":"method"}],"addEntryComponent":[{"__symbolic":"method"}]}},"ProviderMeta":{"__symbolic":"class","members":{"__ctor__":[{"__symbolic":"constructor","parameters":[{"__symbolic":"reference","name":"any"},{"__symbolic":"error","message":"Expression form not supported","line":727,"character":86}]}]}},"flatten":{"__symbolic":"function","parameters":["list"],"value":{"__symbolic":"error","message":"Function call not supported","line":746,"character":21}},"sourceUrl":{"__symbolic":"function","parameters":["url"],"value":{"__symbolic":"error","message":"Expression form not supported","line":755,"character":21}},"templateSourceUrl":{"__symbolic":"function"},"sharedStylesheetJitUrl":{"__symbolic":"function"},"ngModuleJitUrl":{"__symbolic":"function","parameters":["moduleMeta"],"value":{"__symbolic":"error","message":"Expression form not supported","line":785,"character":19}},"templateJitUrl":{"__symbolic":"function","parameters":["ngModuleType","compMeta"],"value":{"__symbolic":"error","message":"Expression form not supported","line":790,"character":19}}}}]