[{"__symbolic":"module","version":3,"metadata":{"TagContentType":{"RAW_TEXT":0,"ESCAPABLE_RAW_TEXT":1,"PARSABLE_DATA":2},"TagDefinition":{"__symbolic":"interface"},"splitNsName":{"__symbolic":"function"},"isNgContainer":{"__symbolic":"function","parameters":["tagName"],"value":{"__symbolic":"binop","operator":"===","left":{"__symbolic":"index","expression":{"__symbolic":"call","expression":{"__symbolic":"reference","name":"splitNsName"},"arguments":[{"__symbolic":"reference","name":"tagName"}]},"index":1},"right":"ng-container"}},"isNgContent":{"__symbolic":"function","parameters":["tagName"],"value":{"__symbolic":"binop","operator":"===","left":{"__symbolic":"index","expression":{"__symbolic":"call","expression":{"__symbolic":"reference","name":"splitNsName"},"arguments":[{"__symbolic":"reference","name":"tagName"}]},"index":1},"right":"ng-content"}},"isNgTemplate":{"__symbolic":"function","parameters":["tagName"],"value":{"__symbolic":"binop","operator":"===","left":{"__symbolic":"index","expression":{"__symbolic":"call","expression":{"__symbolic":"reference","name":"splitNsName"},"arguments":[{"__symbolic":"reference","name":"tagName"}]},"index":1},"right":"ng-template"}},"getNsPrefix":{"__symbolic":"function","parameters":["fullName"],"value":{"__symbolic":"if","condition":{"__symbolic":"binop","operator":"===","left":{"__symbolic":"reference","name":"fullName"},"right":null},"thenExpression":null,"elseExpression":{"__symbolic":"index","expression":{"__symbolic":"call","expression":{"__symbolic":"reference","name":"splitNsName"},"arguments":[{"__symbolic":"reference","name":"fullName"}]},"index":0}}},"mergeNsAndName":{"__symbolic":"function","parameters":["prefix","localName"],"value":{"__symbolic":"if","condition":{"__symbolic":"reference","name":"prefix"},"thenExpression":{"__symbolic":"error","message":"Expression form not supported","line":67,"character":26},"elseExpression":{"__symbolic":"reference","name":"localName"}}},"NAMED_ENTITIES":{"Aacute":"Á","aacute":"á","Acirc":"Â","acirc":"â","acute":"´","AElig":"Æ","aelig":"æ","Agrave":"À","agrave":"à","alefsym":"ℵ","Alpha":"Α","alpha":"α","amp":"&","and":"∧","ang":"∠","apos":"'","Aring":"Å","aring":"å","asymp":"≈","Atilde":"Ã","atilde":"ã","Auml":"Ä","auml":"ä","bdquo":"„","Beta":"Β","beta":"β","brvbar":"¦","bull":"•","cap":"∩","Ccedil":"Ç","ccedil":"ç","cedil":"¸","cent":"¢","Chi":"Χ","chi":"χ","circ":"ˆ","clubs":"♣","cong":"≅","copy":"©","crarr":"↵","cup":"∪","curren":"¤","dagger":"†","Dagger":"‡","darr":"↓","dArr":"⇓","deg":"°","Delta":"Δ","delta":"δ","diams":"♦","divide":"÷","Eacute":"É","eacute":"é","Ecirc":"Ê","ecirc":"ê","Egrave":"È","egrave":"è","empty":"∅","emsp":" ","ensp":" ","Epsilon":"Ε","epsilon":"ε","equiv":"≡","Eta":"Η","eta":"η","ETH":"Ð","eth":"ð","Euml":"Ë","euml":"ë","euro":"€","exist":"∃","fnof":"ƒ","forall":"∀","frac12":"½","frac14":"¼","frac34":"¾","frasl":"⁄","Gamma":"Γ","gamma":"γ","ge":"≥","gt":">","harr":"↔","hArr":"⇔","hearts":"♥","hellip":"…","Iacute":"Í","iacute":"í","Icirc":"Î","icirc":"î","iexcl":"¡","Igrave":"Ì","igrave":"ì","image":"ℑ","infin":"∞","int":"∫","Iota":"Ι","iota":"ι","iquest":"¿","isin":"∈","Iuml":"Ï","iuml":"ï","Kappa":"Κ","kappa":"κ","Lambda":"Λ","lambda":"λ","lang":"⟨","laquo":"«","larr":"←","lArr":"⇐","lceil":"⌈","ldquo":"“","le":"≤","lfloor":"⌊","lowast":"∗","loz":"◊","lrm":"‎","lsaquo":"‹","lsquo":"‘","lt":"<","macr":"¯","mdash":"—","micro":"µ","middot":"·","minus":"−","Mu":"Μ","mu":"μ","nabla":"∇","nbsp":" ","ndash":"–","ne":"≠","ni":"∋","not":"¬","notin":"∉","nsub":"⊄","Ntilde":"Ñ","ntilde":"ñ","Nu":"Ν","nu":"ν","Oacute":"Ó","oacute":"ó","Ocirc":"Ô","ocirc":"ô","OElig":"Œ","oelig":"œ","Ograve":"Ò","ograve":"ò","oline":"‾","Omega":"Ω","omega":"ω","Omicron":"Ο","omicron":"ο","oplus":"⊕","or":"∨","ordf":"ª","ordm":"º","Oslash":"Ø","oslash":"ø","Otilde":"Õ","otilde":"õ","otimes":"⊗","Ouml":"Ö","ouml":"ö","para":"¶","permil":"‰","perp":"⊥","Phi":"Φ","phi":"φ","Pi":"Π","pi":"π","piv":"ϖ","plusmn":"±","pound":"£","prime":"′","Prime":"″","prod":"∏","prop":"∝","Psi":"Ψ","psi":"ψ","quot":"\"","radic":"√","rang":"⟩","raquo":"»","rarr":"→","rArr":"⇒","rceil":"⌉","rdquo":"”","real":"ℜ","reg":"®","rfloor":"⌋","Rho":"Ρ","rho":"ρ","rlm":"‏","rsaquo":"›","rsquo":"’","sbquo":"‚","Scaron":"Š","scaron":"š","sdot":"⋅","sect":"§","shy":"­","Sigma":"Σ","sigma":"σ","sigmaf":"ς","sim":"∼","spades":"♠","sub":"⊂","sube":"⊆","sum":"∑","sup":"⊃","sup1":"¹","sup2":"²","sup3":"³","supe":"⊇","szlig":"ß","Tau":"Τ","tau":"τ","there4":"∴","Theta":"Θ","theta":"θ","thetasym":"ϑ","thinsp":" ","THORN":"Þ","thorn":"þ","tilde":"˜","times":"×","trade":"™","Uacute":"Ú","uacute":"ú","uarr":"↑","uArr":"⇑","Ucirc":"Û","ucirc":"û","Ugrave":"Ù","ugrave":"ù","uml":"¨","upsih":"ϒ","Upsilon":"Υ","upsilon":"υ","Uuml":"Ü","uuml":"ü","weierp":"℘","Xi":"Ξ","xi":"ξ","Yacute":"Ý","yacute":"ý","yen":"¥","yuml":"ÿ","Yuml":"Ÿ","Zeta":"Ζ","zeta":"ζ","zwj":"‍","zwnj":"‌","$quoted$":["Aacute","aacute","Acirc","acirc","acute","AElig","aelig","Agrave","agrave","alefsym","Alpha","alpha","amp","and","ang","apos","Aring","aring","asymp","Atilde","atilde","Auml","auml","bdquo","Beta","beta","brvbar","bull","cap","Ccedil","ccedil","cedil","cent","Chi","chi","circ","clubs","cong","copy","crarr","cup","curren","dagger","Dagger","darr","dArr","deg","Delta","delta","diams","divide","Eacute","eacute","Ecirc","ecirc","Egrave","egrave","empty","emsp","ensp","Epsilon","epsilon","equiv","Eta","eta","ETH","eth","Euml","euml","euro","exist","fnof","forall","frac12","frac14","frac34","frasl","Gamma","gamma","ge","gt","harr","hArr","hearts","hellip","Iacute","iacute","Icirc","icirc","iexcl","Igrave","igrave","image","infin","int","Iota","iota","iquest","isin","Iuml","iuml","Kappa","kappa","Lambda","lambda","lang","laquo","larr","lArr","lceil","ldquo","le","lfloor","lowast","loz","lrm","lsaquo","lsquo","lt","macr","mdash","micro","middot","minus","Mu","mu","nabla","nbsp","ndash","ne","ni","not","notin","nsub","Ntilde","ntilde","Nu","nu","Oacute","oacute","Ocirc","ocirc","OElig","oelig","Ograve","ograve","oline","Omega","omega","Omicron","omicron","oplus","or","ordf","ordm","Oslash","oslash","Otilde","otilde","otimes","Ouml","ouml","para","permil","perp","Phi","phi","Pi","pi","piv","plusmn","pound","prime","Prime","prod","prop","Psi","psi","quot","radic","rang","raquo","rarr","rArr","rceil","rdquo","real","reg","rfloor","Rho","rho","rlm","rsaquo","rsquo","sbquo","Scaron","scaron","sdot","sect","shy","Sigma","sigma","sigmaf","sim","spades","sub","sube","sum","sup","sup1","sup2","sup3","supe","szlig","Tau","tau","there4","Theta","theta","thetasym","thinsp","THORN","thorn","tilde","times","trade","Uacute","uacute","uarr","uArr","Ucirc","ucirc","Ugrave","ugrave","uml","upsih","Upsilon","upsilon","Uuml","uuml","weierp","Xi","xi","Yacute","yacute","yen","yuml","Yuml","Zeta","zeta","zwj","zwnj"]}}},{"__symbolic":"module","version":1,"metadata":{"TagContentType":{"RAW_TEXT":0,"ESCAPABLE_RAW_TEXT":1,"PARSABLE_DATA":2},"TagDefinition":{"__symbolic":"interface"},"splitNsName":{"__symbolic":"function"},"isNgContainer":{"__symbolic":"function","parameters":["tagName"],"value":{"__symbolic":"binop","operator":"===","left":{"__symbolic":"index","expression":{"__symbolic":"call","expression":{"__symbolic":"reference","name":"splitNsName"},"arguments":[{"__symbolic":"reference","name":"tagName"}]},"index":1},"right":"ng-container"}},"isNgContent":{"__symbolic":"function","parameters":["tagName"],"value":{"__symbolic":"binop","operator":"===","left":{"__symbolic":"index","expression":{"__symbolic":"call","expression":{"__symbolic":"reference","name":"splitNsName"},"arguments":[{"__symbolic":"reference","name":"tagName"}]},"index":1},"right":"ng-content"}},"isNgTemplate":{"__symbolic":"function","parameters":["tagName"],"value":{"__symbolic":"binop","operator":"===","left":{"__symbolic":"index","expression":{"__symbolic":"call","expression":{"__symbolic":"reference","name":"splitNsName"},"arguments":[{"__symbolic":"reference","name":"tagName"}]},"index":1},"right":"ng-template"}},"getNsPrefix":{"__symbolic":"function","parameters":["fullName"],"value":{"__symbolic":"if","condition":{"__symbolic":"binop","operator":"===","left":{"__symbolic":"reference","name":"fullName"},"right":null},"thenExpression":null,"elseExpression":{"__symbolic":"index","expression":{"__symbolic":"call","expression":{"__symbolic":"reference","name":"splitNsName"},"arguments":[{"__symbolic":"reference","name":"fullName"}]},"index":0}}},"mergeNsAndName":{"__symbolic":"function","parameters":["prefix","localName"],"value":{"__symbolic":"if","condition":{"__symbolic":"reference","name":"prefix"},"thenExpression":{"__symbolic":"error","message":"Expression form not supported","line":67,"character":26},"elseExpression":{"__symbolic":"reference","name":"localName"}}},"NAMED_ENTITIES":{"Aacute":"Á","aacute":"á","Acirc":"Â","acirc":"â","acute":"´","AElig":"Æ","aelig":"æ","Agrave":"À","agrave":"à","alefsym":"ℵ","Alpha":"Α","alpha":"α","amp":"&","and":"∧","ang":"∠","apos":"'","Aring":"Å","aring":"å","asymp":"≈","Atilde":"Ã","atilde":"ã","Auml":"Ä","auml":"ä","bdquo":"„","Beta":"Β","beta":"β","brvbar":"¦","bull":"•","cap":"∩","Ccedil":"Ç","ccedil":"ç","cedil":"¸","cent":"¢","Chi":"Χ","chi":"χ","circ":"ˆ","clubs":"♣","cong":"≅","copy":"©","crarr":"↵","cup":"∪","curren":"¤","dagger":"†","Dagger":"‡","darr":"↓","dArr":"⇓","deg":"°","Delta":"Δ","delta":"δ","diams":"♦","divide":"÷","Eacute":"É","eacute":"é","Ecirc":"Ê","ecirc":"ê","Egrave":"È","egrave":"è","empty":"∅","emsp":" ","ensp":" ","Epsilon":"Ε","epsilon":"ε","equiv":"≡","Eta":"Η","eta":"η","ETH":"Ð","eth":"ð","Euml":"Ë","euml":"ë","euro":"€","exist":"∃","fnof":"ƒ","forall":"∀","frac12":"½","frac14":"¼","frac34":"¾","frasl":"⁄","Gamma":"Γ","gamma":"γ","ge":"≥","gt":">","harr":"↔","hArr":"⇔","hearts":"♥","hellip":"…","Iacute":"Í","iacute":"í","Icirc":"Î","icirc":"î","iexcl":"¡","Igrave":"Ì","igrave":"ì","image":"ℑ","infin":"∞","int":"∫","Iota":"Ι","iota":"ι","iquest":"¿","isin":"∈","Iuml":"Ï","iuml":"ï","Kappa":"Κ","kappa":"κ","Lambda":"Λ","lambda":"λ","lang":"⟨","laquo":"«","larr":"←","lArr":"⇐","lceil":"⌈","ldquo":"“","le":"≤","lfloor":"⌊","lowast":"∗","loz":"◊","lrm":"‎","lsaquo":"‹","lsquo":"‘","lt":"<","macr":"¯","mdash":"—","micro":"µ","middot":"·","minus":"−","Mu":"Μ","mu":"μ","nabla":"∇","nbsp":" ","ndash":"–","ne":"≠","ni":"∋","not":"¬","notin":"∉","nsub":"⊄","Ntilde":"Ñ","ntilde":"ñ","Nu":"Ν","nu":"ν","Oacute":"Ó","oacute":"ó","Ocirc":"Ô","ocirc":"ô","OElig":"Œ","oelig":"œ","Ograve":"Ò","ograve":"ò","oline":"‾","Omega":"Ω","omega":"ω","Omicron":"Ο","omicron":"ο","oplus":"⊕","or":"∨","ordf":"ª","ordm":"º","Oslash":"Ø","oslash":"ø","Otilde":"Õ","otilde":"õ","otimes":"⊗","Ouml":"Ö","ouml":"ö","para":"¶","permil":"‰","perp":"⊥","Phi":"Φ","phi":"φ","Pi":"Π","pi":"π","piv":"ϖ","plusmn":"±","pound":"£","prime":"′","Prime":"″","prod":"∏","prop":"∝","Psi":"Ψ","psi":"ψ","quot":"\"","radic":"√","rang":"⟩","raquo":"»","rarr":"→","rArr":"⇒","rceil":"⌉","rdquo":"”","real":"ℜ","reg":"®","rfloor":"⌋","Rho":"Ρ","rho":"ρ","rlm":"‏","rsaquo":"›","rsquo":"’","sbquo":"‚","Scaron":"Š","scaron":"š","sdot":"⋅","sect":"§","shy":"­","Sigma":"Σ","sigma":"σ","sigmaf":"ς","sim":"∼","spades":"♠","sub":"⊂","sube":"⊆","sum":"∑","sup":"⊃","sup1":"¹","sup2":"²","sup3":"³","supe":"⊇","szlig":"ß","Tau":"Τ","tau":"τ","there4":"∴","Theta":"Θ","theta":"θ","thetasym":"ϑ","thinsp":" ","THORN":"Þ","thorn":"þ","tilde":"˜","times":"×","trade":"™","Uacute":"Ú","uacute":"ú","uarr":"↑","uArr":"⇑","Ucirc":"Û","ucirc":"û","Ugrave":"Ù","ugrave":"ù","uml":"¨","upsih":"ϒ","Upsilon":"Υ","upsilon":"υ","Uuml":"Ü","uuml":"ü","weierp":"℘","Xi":"Ξ","xi":"ξ","Yacute":"Ý","yacute":"ý","yen":"¥","yuml":"ÿ","Yuml":"Ÿ","Zeta":"Ζ","zeta":"ζ","zwj":"‍","zwnj":"‌"}}}]